Model,Best Params,CV F1 Mean,CV F1 Std,Accuracy,Precision,Recall,F1 Score,AUC
Logistic Regression,"{'C': 1, 'solver': 'liblinear'}",0.9640480895915677,0.020700447685741707,0.9736842105263158,0.975609756097561,0.9523809523809523,0.963855421686747,0.996031746031746
Decision Tree,"{'criterion': 'entropy', 'max_depth': 10, 'min_samples_leaf': 2}",0.9041858580401161,0.032108853471448755,0.956140350877193,1.0,0.8809523809523809,0.9367088607594937,0.9523809523809523
Random Forest,"{'max_depth': 5, 'min_samples_leaf': 1, 'n_estimators': 100}",0.9552850541704228,0.028428782323796545,0.9736842105263158,1.0,0.9285714285714286,0.9629629629629629,0.9950396825396824
Gradient Boosting,"{'learning_rate': 0.1, 'max_depth': 3, 'n_estimators': 200}",0.9581944960156206,0.017809358113004735,0.9649122807017544,1.0,0.9047619047619048,0.95,0.9953703703703705
SVM,"{'C': 10, 'gamma': 'scale', 'kernel': 'rbf'}",0.9674103219883271,0.011403901370347781,0.9736842105263158,1.0,0.9285714285714286,0.9629629629629629,0.9927248677248677
